Accuracy,Acc-Score,zero_one_loss,AUC-PR,hamming loss average,Jaccard samples,Jaccard macro,Precision,Recall,Fmeasure
0.11267605633802817,16,0.8873239436619719,0.650806849460641,0.17546948356807512,0.46502347417840373,0.45137614678899085,0.5985401459854015,0.6473684210526316,0.6219974715549937
