Accuracy,Acc-Score,zero_one_loss,AUC-PR,hamming loss average,Jaccard samples,Jaccard macro,Precision,Recall,Fmeasure
0.2346368715083799,42,0.7653631284916201,0.8261420192952649,0.14338919925512103,0.5854659927285626,0.6046213093709885,0.7596774193548387,0.7476190476190476,0.7535999999999999
